t,proc_cores,rss_gb,pss_gb,nproc,nthreads,cpus_busy_pct,node_used_gb
1790574134.998,0.00,0.086,0.082,1,387,3.1,717.38
1790574135.248,0.96,3.216,5.984,1,387,3.1,717.39
1790574135.498,2.64,7.846,7.843,1,418,13.5,717.62
1790574135.748,25.44,7.846,7.845,1,418,80.1,717.62
1790574135.998,21.56,7.846,7.845,1,419,61.1,717.62
1790574136.248,0.00,7.846,7.845,1,419,0.0,717.62
1790574136.498,0.00,7.846,7.845,1,419,0.0,717.62
1790574136.748,0.00,7.846,7.845,1,419,0.0,717.62
1790574136.998,0.00,7.846,7.845,1,419,0.0,717.62
1790574137.248,0.00,7.846,7.845,1,419,0.1,717.62
1790574137.498,0.00,7.846,7.845,1,419,0.4,717.62
1790574137.748,0.00,7.846,7.845,1,419,0.0,717.62
1790574137.998,15.52,7.943,7.983,1,419,54.8,717.75
1790574138.248,27.36,7.986,7.983,1,419,86.5,717.75
1790574138.498,28.36,7.986,7.983,1,419,88.3,717.76
1790574138.748,28.92,7.986,7.983,1,419,90.8,717.75
1790574138.998,29.52,7.986,7.983,1,419,92.9,717.76
1790574139.248,30.36,7.986,7.983,1,419,94.5,717.76
1790574139.498,31.76,7.986,7.983,1,419,100.0,717.76
1790574139.748,31.72,7.986,7.983,1,419,100.0,717.76
1790574139.998,32.28,7.986,7.983,1,419,100.0,717.76
1790574140.248,32.08,7.986,7.983,1,419,100.0,717.76
1790574140.498,31.92,7.986,7.983,1,419,100.0,717.76
1790574140.748,31.72,7.986,7.983,1,419,100.0,717.76
1790574140.998,32.28,7.986,7.983,1,419,100.0,717.76
1790574141.248,31.72,7.986,7.983,1,419,100.0,717.76
1790574141.498,32.28,7.986,7.983,1,419,100.0,717.76
1790574141.748,31.76,7.986,7.983,1,419,100.0,717.76
1790574141.998,32.16,7.986,7.983,1,419,100.0,717.77
1790574142.248,31.80,7.986,7.983,1,419,100.0,717.76
1790574142.498,32.24,7.986,7.983,1,419,100.0,717.76
1790574142.748,31.76,7.986,7.983,1,419,100.0,717.76
1790574142.998,32.28,7.986,7.983,1,419,100.0,717.76
1790574143.248,31.88,7.986,7.983,1,419,100.0,717.76
1790574143.498,32.12,7.986,7.983,1,419,100.0,717.76
1790574143.748,31.96,7.986,7.983,1,419,100.0,717.76
1790574143.998,32.32,7.986,7.983,1,419,100.0,717.76
1790574144.248,31.44,7.986,7.983,1,419,100.0,717.76
1790574144.498,32.48,7.986,7.983,1,419,100.0,717.76
1790574144.748,31.52,7.986,7.983,1,419,100.0,717.76
1790574144.998,31.72,7.986,7.983,1,419,100.0,717.76
1790574145.248,32.24,7.986,7.983,1,419,100.0,717.76
1790574145.498,32.24,7.986,7.983,1,419,100.0,717.76
1790574145.748,31.80,7.986,7.983,1,419,100.0,717.76
1790574145.998,31.88,7.986,7.983,1,419,100.0,717.76
1790574146.248,32.12,7.986,7.983,1,419,100.0,717.76
1790574146.498,32.20,7.986,7.983,1,419,100.0,717.76
1790574146.748,32.28,7.986,7.983,1,419,100.0,717.76
1790574146.998,31.72,7.986,7.983,1,419,100.0,717.76
1790574147.248,32.16,7.986,7.983,1,419,100.0,717.76
1790574147.498,31.88,7.986,7.983,1,419,100.0,717.76
1790574147.748,32.00,7.986,7.983,1,419,100.0,717.77
1790574147.998,31.96,7.986,7.983,1,419,100.0,717.77
1790574148.248,32.00,7.986,7.983,1,419,100.0,717.77
1790574148.498,32.00,7.986,7.983,1,419,100.0,717.77
1790574148.748,31.92,7.986,7.983,1,419,100.0,717.77
1790574148.998,31.96,7.986,7.983,1,419,100.0,717.76
1790574149.248,32.08,7.986,7.983,1,419,100.0,717.77
1790574149.498,32.00,7.986,7.983,1,419,100.0,717.76
1790574149.748,32.16,7.986,7.983,1,419,100.0,717.76
1790574149.998,31.88,7.986,7.983,1,419,100.0,717.76
1790574150.248,32.00,7.986,7.983,1,419,100.0,717.76
1790574150.498,32.08,7.986,7.983,1,419,100.0,717.76
1790574150.748,31.88,7.986,7.984,1,419,100.0,717.82
1790574150.998,32.00,8.047,8.045,1,419,99.9,717.82
1790574151.248,31.72,8.047,8.045,1,419,100.0,717.82
1790574151.498,32.24,8.047,8.045,1,419,100.0,717.82
1790574151.748,32.16,8.047,8.045,1,419,100.0,717.82
1790574151.998,32.04,8.047,8.045,1,419,100.0,717.83
1790574152.248,31.56,8.047,8.045,1,419,100.0,717.82
1790574152.498,32.24,8.047,8.045,1,419,100.0,717.82
1790574152.748,31.72,8.047,8.045,1,419,100.0,717.82
1790574152.998,32.28,8.047,8.045,1,419,100.0,717.83
1790574153.248,31.72,8.047,8.045,1,419,100.0,717.83
1790574153.498,31.76,8.047,8.045,1,419,100.0,717.83
1790574153.748,32.24,8.047,8.045,1,419,100.0,717.83
1790574153.998,32.04,8.047,8.045,1,419,100.0,717.83
1790574154.248,32.04,8.047,8.045,1,419,100.0,717.83
1790574154.498,32.20,8.047,8.045,1,419,100.0,717.83
1790574154.748,31.76,8.047,8.045,1,419,100.0,717.83
1790574154.998,32.20,8.047,8.045,1,419,100.0,717.83
1790574155.248,32.32,8.047,8.045,1,419,100.0,717.83
1790574155.498,31.68,8.047,8.045,1,419,100.0,717.83
1790574155.748,32.24,8.047,8.045,1,419,100.0,717.83
1790574155.998,31.76,8.047,8.045,1,419,100.0,717.83
1790574156.248,32.00,8.047,8.045,1,419,100.0,717.83
1790574156.498,31.96,8.047,8.045,1,419,100.0,717.83
1790574156.748,32.08,8.047,8.045,1,419,100.0,717.83
1790574156.998,31.92,8.047,8.045,1,419,100.0,717.83
1790574157.248,32.00,8.047,8.045,1,419,100.0,717.83
1790574157.498,32.08,8.047,8.045,1,419,100.0,717.83
1790574157.748,31.72,8.047,8.045,1,419,100.0,717.83
1790574157.998,32.28,8.047,8.045,1,419,100.0,717.83
1790574158.248,31.72,8.047,8.045,1,419,100.0,717.83
1790574158.498,32.28,8.047,8.045,1,419,100.0,717.83
1790574158.748,31.80,8.047,8.045,1,419,100.0,717.83
1790574158.998,32.20,8.047,8.045,1,419,100.0,717.83
1790574159.248,31.84,8.047,8.045,1,419,100.0,717.83
1790574159.498,32.12,8.047,8.045,1,419,100.0,717.83
1790574159.748,31.88,8.047,8.045,1,419,100.0,717.83
1790574159.998,32.44,8.047,8.045,1,419,100.0,717.83
1790574160.248,31.64,8.047,8.045,1,419,100.0,717.83
1790574160.498,32.28,8.047,8.045,1,419,100.0,717.83
1790574160.748,31.60,8.047,8.045,1,419,100.0,717.83
1790574160.998,32.08,8.047,8.045,1,419,100.0,717.83
1790574161.248,32.00,8.047,8.045,1,419,100.0,717.83
1790574161.498,32.00,8.047,8.045,1,419,100.0,717.83
1790574161.748,32.00,8.047,8.045,1,419,100.0,717.83
1790574161.998,32.04,8.047,8.045,1,419,100.0,717.83
1790574162.248,31.96,8.047,8.045,1,419,100.0,717.83
1790574162.498,32.04,8.047,8.045,1,419,100.0,717.83
1790574162.748,32.00,8.047,8.045,1,419,100.0,717.83
1790574162.998,32.00,8.047,8.045,1,419,100.0,717.84
1790574163.248,31.44,8.109,8.107,1,419,99.1,717.89
1790574163.498,32.28,8.109,8.107,1,419,100.0,717.89
1790574163.748,32.20,8.109,8.107,1,419,100.0,717.89
1790574163.998,31.24,8.109,8.107,1,419,100.0,717.89
1790574164.248,32.48,8.109,8.107,1,419,100.0,717.90
1790574164.498,31.92,8.109,8.107,1,419,100.0,717.89
1790574164.748,31.88,8.109,8.107,1,419,100.0,717.89
1790574164.998,32.24,8.109,8.107,1,419,100.0,717.89
1790574165.248,31.76,8.109,8.107,1,419,100.0,717.89
1790574165.498,31.76,8.109,8.107,1,419,100.0,717.89
1790574165.748,32.52,8.109,8.107,1,419,100.0,717.89
1790574165.998,32.20,8.109,8.107,1,419,100.0,717.89
1790574166.248,31.52,8.109,8.107,1,419,100.0,717.88
1790574166.498,32.28,8.109,8.107,1,419,100.0,717.89
1790574166.748,31.72,8.109,8.107,1,419,100.0,717.89
1790574166.998,32.24,8.109,8.107,1,419,100.0,717.89
1790574167.248,31.76,8.109,8.107,1,419,100.0,717.89
1790574167.498,32.16,8.109,8.107,1,419,100.0,717.89
1790574167.748,32.00,8.109,8.107,1,419,100.0,717.89
1790574167.998,32.08,8.109,8.107,1,419,100.0,717.89
1790574168.248,32.28,8.109,8.107,1,419,100.0,717.89
1790574168.498,31.68,8.109,8.107,1,419,100.0,717.89
1790574168.748,32.00,8.109,8.107,1,419,100.0,717.89
1790574168.998,31.96,8.109,8.107,1,419,100.0,717.89
1790574169.248,32.00,8.109,8.107,1,419,100.0,717.89
1790574169.498,32.04,8.109,8.107,1,419,100.0,717.89
1790574169.748,32.04,8.109,8.107,1,419,100.0,717.89
1790574169.998,31.88,8.109,8.107,1,419,100.0,717.89
1790574170.248,32.20,8.109,8.107,1,419,100.0,717.89
1790574170.498,31.92,8.109,8.107,1,419,100.0,717.89
1790574170.748,31.92,8.109,8.107,1,419,100.0,717.89
1790574170.998,32.04,8.109,8.107,1,419,100.0,717.89
1790574171.248,32.28,8.109,8.107,1,419,100.0,717.89
1790574171.498,31.32,8.109,8.107,1,419,100.0,717.89
1790574171.748,32.64,8.109,8.107,1,419,100.0,717.89
1790574171.998,31.60,8.109,8.107,1,419,100.0,717.89
1790574172.248,32.04,8.109,8.106,1,419,100.0,717.88
1790574172.498,32.48,8.109,8.107,1,419,100.0,717.87
1790574172.748,31.56,8.109,8.107,1,419,100.0,717.87
1790574172.998,31.96,8.109,8.107,1,419,100.0,717.87
1790574173.248,32.12,8.109,8.107,1,419,100.0,717.87
1790574173.498,31.96,8.109,8.107,1,419,100.0,717.87
1790574173.748,31.96,8.109,8.107,1,419,100.0,717.87
1790574173.998,32.04,8.109,8.107,1,419,100.0,717.87
1790574174.248,31.96,8.109,8.107,1,419,100.0,717.87
1790574174.498,32.28,8.109,8.107,1,419,100.0,717.88
1790574174.748,31.76,8.109,8.107,1,419,100.0,717.88
1790574174.998,32.20,8.109,8.107,1,419,100.0,717.88
1790574175.248,31.72,8.109,8.107,1,419,100.0,717.88
1790574175.498,32.00,8.172,8.170,1,419,99.8,717.94
1790574175.748,31.76,8.172,8.170,1,419,100.0,717.94
1790574175.998,31.72,8.172,8.170,1,419,100.0,717.94
1790574176.248,32.28,8.172,8.170,1,419,100.0,717.94
1790574176.498,32.24,8.172,8.170,1,419,100.0,717.94
1790574176.748,31.72,8.172,8.170,1,419,100.0,717.94
1790574176.998,32.28,8.172,8.170,1,419,100.0,717.94
1790574177.248,31.72,8.172,8.170,1,419,100.0,717.94
1790574177.498,31.76,8.172,8.170,1,419,100.0,717.94
1790574177.748,32.28,8.172,8.170,1,419,100.0,717.94
1790574177.998,32.16,8.172,8.170,1,419,100.0,717.94
1790574178.248,31.80,8.172,8.170,1,419,100.0,717.94
1790574178.498,32.28,8.172,8.170,1,419,100.0,717.94
1790574178.748,31.76,8.172,8.170,1,419,100.0,717.94
1790574178.998,32.24,8.172,8.170,1,419,100.0,717.94
1790574179.248,32.28,8.172,8.170,1,419,100.0,717.94
1790574179.498,31.20,8.172,8.170,1,419,100.0,717.94
1790574179.748,32.36,8.172,8.170,1,419,100.0,717.94
1790574179.998,32.12,8.172,8.170,1,419,100.0,717.94
1790574180.248,32.00,8.172,8.170,1,419,100.0,717.94
1790574180.498,32.08,8.172,8.170,1,419,100.0,717.94
1790574180.748,31.84,8.172,8.170,1,419,100.0,717.94
1790574180.998,32.04,8.172,8.170,1,419,100.0,717.94
1790574181.248,32.00,8.172,8.170,1,419,100.0,717.94
1790574181.498,32.08,8.172,8.170,1,419,100.0,717.94
1790574181.748,31.92,8.172,8.170,1,419,100.0,717.94
1790574181.998,31.96,8.172,8.170,1,419,100.0,717.94
1790574182.248,31.96,8.172,8.170,1,419,100.0,717.94
1790574182.498,32.36,8.172,8.170,1,419,100.0,717.94
1790574182.748,31.68,8.172,8.170,1,419,100.0,717.94
1790574182.998,32.28,8.172,8.170,1,419,100.0,717.94
1790574183.248,31.80,8.172,8.170,1,419,100.0,717.94
1790574183.498,31.92,8.172,8.170,1,419,100.0,717.94
1790574183.748,32.08,8.172,8.170,1,419,100.0,717.94
1790574183.998,31.96,8.172,8.170,1,419,100.0,717.94
1790574184.248,31.92,8.172,8.170,1,419,100.0,717.94
1790574184.498,32.12,8.172,8.170,1,419,100.0,717.94
1790574184.748,32.04,8.172,8.170,1,419,100.0,717.94
1790574184.998,31.96,8.172,8.170,1,419,100.0,717.94
1790574185.248,32.04,8.172,8.170,1,419,100.0,717.94
1790574185.498,31.92,8.172,8.170,1,419,100.0,717.94
1790574185.748,32.00,8.172,8.170,1,419,100.0,717.94
1790574185.998,32.00,8.172,8.170,1,419,100.0,717.94
1790574186.248,32.12,8.172,8.170,1,419,100.0,717.94
1790574186.498,31.88,8.172,8.170,1,419,100.0,717.94
1790574186.748,32.20,8.172,8.170,1,419,100.0,717.95
1790574186.998,31.76,8.172,8.170,1,419,100.0,717.95
1790574187.248,32.28,8.172,8.170,1,419,100.0,717.95
1790574187.498,31.76,8.172,8.170,1,419,100.0,717.95
1790574187.748,31.84,1.573,0.619,1,33,99.7,717.92
1790574187.998,0.00,0.000,0.000,0,0,8.8,717.31
1790574188.248,0.00,0.000,0.000,0,0,0.0,717.31
1790574188.498,0.00,0.000,0.000,0,0,0.0,717.31
1790574188.748,0.00,0.000,0.000,0,0,0.0,717.31
1790574188.998,0.00,0.000,0.000,0,0,0.0,717.31
1790574189.248,0.00,0.000,0.000,0,0,0.0,717.31
1790574189.498,0.00,0.000,0.000,0,0,0.0,717.31
1790574189.748,0.00,0.000,0.000,0,0,0.0,717.31
1790574189.998,0.00,0.000,0.000,0,0,0.0,717.31
1790574190.248,0.00,0.000,0.000,0,0,0.0,717.31
1790574190.498,0.00,0.000,0.000,0,0,0.1,717.31
1790574190.748,0.00,0.000,0.000,0,0,0.0,717.31
1790574190.998,0.00,0.000,0.000,0,0,0.0,717.31
1790574191.248,0.00,0.000,0.000,0,0,0.0,717.31
1790574191.498,0.00,0.000,0.000,0,0,0.0,717.31
1790574191.748,0.00,0.000,0.000,0,0,0.0,717.37
