config,format,mem,peak mem GB,mem in run GB,peak RSS GB,node mem +GB,cores prefill,cores decode,busy % prefill,busy % decode,cores idle,threads,procs,model
llamacpp-zendnn-bf16,GGUF BF16,PSS,28.815,28.534,28.814,0.4600000000000364,31.97428571428571,31.997636363636357,100.0,99.99000000000001,31.835,419,1,llama
llamacpp-cpu-bf16,GGUF BF16,PSS,16.105,15.8235,16.106,1.0900000000000318,31.997866666666663,31.990185185185183,100.0,99.98148148148148,31.96,419,1,llama
vllm-zentorch-bf16,safetensors BF16,PSS,35.361,35.359,35.777,14.569999999999936,32.425555555555555,33.00225806451613,99.96666666666667,99.95913978494625,32.98,414,7,llama
vllm-cpu-bf16,safetensors BF16,PSS,35.692,35.663,36.064,35.74000000000001,32.41777777777778,33.00594059405941,99.98888888888888,99.99801980198019,32.99,415,7,llama
llamacpp-zendnn-q8,GGUF Q8_0,PSS,16.812,16.528,16.813,8.81000000000006,31.925,31.992318840579706,99.72916666666667,99.99565217391304,31.38,419,1,llama
llamacpp-cpu-q8,GGUF Q8_0,PSS,9.087,8.806,9.089,1.0799999999999272,31.99925925925926,32.001777777777775,100.0,99.99666666666666,31.92,419,1,llama
vllm-zentorch-w8a8,W8A8 INT8,PSS,35.669,35.409499999999994,36.091,35.43999999999994,32.633,32.82385964912281,99.84,99.41578947368421,32.995000000000005,414,6,llama
vllm-cpu-w8a8,W8A8 INT8,PSS,31.434,31.411,31.824,31.170000000000073,32.69916666666666,33.0180701754386,99.98333333333333,100.0,32.989999999999995,415,5,llama
llamacpp-zendnn-bf16,GGUF BF16,PSS,26.642,26.519,26.641,17.940000000000055,31.789000000000005,31.997674418604657,99.375,100.0,31.955,419,1,qwen2
llamacpp-cpu-bf16,GGUF BF16,PSS,14.827,14.702,14.829,0.6100000000000136,31.944615384615386,31.99510752688172,99.82307692307693,99.99623655913977,31.97,419,1,qwen2
vllm-zentorch-bf16,safetensors BF16,PSS,34.566,34.517,34.953,30.50999999999999,32.477333333333334,32.887961165048544,99.99333333333334,99.6368932038835,32.974999999999994,414,7,qwen2
vllm-cpu-bf16,safetensors BF16,PSS,34.893,34.864,35.269,34.760000000000105,32.459374999999994,33.00817307692308,99.9875,100.0,32.995000000000005,415,6,qwen2
llamacpp-zendnn-q8,GGUF Q8_0,PSS,15.223,15.101,15.223,7.639999999999986,32.000400000000006,31.99682352941176,99.976,99.99529411764703,31.619999999999997,419,1,qwen2
llamacpp-cpu-q8,GGUF Q8_0,PSS,8.17,8.045,8.172,0.57000000000005,31.98769230769231,31.997916666666665,99.98076923076923,99.99479166666667,31.96,419,1,qwen2
vllm-zentorch-w8a8,W8A8 INT8,PSS,34.671,34.634,35.059,33.98000000000002,32.807,33.00775862068966,99.96000000000001,99.99655172413793,32.93,414,5,qwen2
vllm-cpu-w8a8,W8A8 INT8,PSS,28.969,28.966,29.374,28.74000000000001,32.75888888888889,32.473278688524594,100.0,98.3,32.99,415,5,qwen2
llamacpp-zendnn-bf16,GGUF BF16,anon,165.994,165.572,253.016,166.39999999999998,31.98578947368421,31.995056179775283,99.96184210526314,99.99850187265918,14.96,419,1,mixtral
llamacpp-cpu-bf16,GGUF BF16,anon,1.177,1.036,88.188,1.3099999999999454,31.99841807909605,31.99833333333333,100.0,100.0,32.0,419,1,mixtral
vllm-zentorch-bf16,safetensors BF16,anon,189.558,189.551,190.222,189.86,32.23384615384616,33.004929577464786,99.99038461538461,99.98169014084507,32.96,420,5,mixtral
vllm-cpu-bf16,safetensors BF16,anon,106.427,106.426,107.069,106.58000000000004,32.03626666666666,33.00814814814815,99.95822222222222,99.99666666666666,32.68,421,6,mixtral
llamacpp-zendnn-q8,GGUF Q8_0,anon,132.452,132.17,178.698,178.51,31.96444444444445,32.0,99.92857142857142,99.9972602739726,31.98,419,1,mixtral
llamacpp-cpu-q8,GGUF Q8_0,anon,1.164,0.8995,47.399,1.2200000000000273,31.998648648648647,31.99673469387755,100.0,99.99931972789115,32.0,419,1,mixtral
vllm-zentorch-w8a8,W8A8 INT8,anon,166.052,165.389,166.723,163.06999999999994,32.41379310344827,32.92000000000001,99.86896551724138,99.69753086419753,32.96,420,6,mixtral
