pair,accelerated,baseline,ttft_speedup,tpot_speedup,e2e_speedup,model
llama.cpp BF16,llamacpp-zendnn-bf16,llamacpp-cpu-bf16,2.270191893477094,1.0060989546320342,1.2254587056859476,llama
vLLM BF16,vllm-zentorch-bf16,vllm-cpu-bf16,1.0340119338616052,1.037536463341466,1.0370113080483045,llama
llama.cpp Q8_0,llamacpp-zendnn-q8,llamacpp-cpu-q8,1.8492225513688232,0.9822422872251954,1.2011206066056381,llama
vLLM W8A8,vllm-zentorch-w8a8,vllm-cpu-w8a8,1.0169771634973055,1.0338428433214202,1.0312427625857516,llama
llama.cpp BF16,llamacpp-zendnn-bf16,llamacpp-cpu-bf16,2.273623179834338,1.000305666340558,1.166513589865033,qwen2
vLLM BF16,vllm-zentorch-bf16,vllm-cpu-bf16,1.0287068745633114,1.0331740390127149,1.0325923168825428,qwen2
llama.cpp Q8_0,llamacpp-zendnn-q8,llamacpp-cpu-q8,1.9293561586312244,1.0016021733466538,1.2041515923839594,qwen2
vLLM W8A8,vllm-zentorch-w8a8,vllm-cpu-w8a8,1.0322958309753656,1.0224350468736616,1.023824529158174,qwen2
llama.cpp BF16,llamacpp-zendnn-bf16,llamacpp-cpu-bf16,2.2835799170887863,0.9994970175624334,1.2895257161772187,mixtral
vLLM BF16,vllm-zentorch-bf16,vllm-cpu-bf16,4.308002996285118,0.950975153996489,1.473410520287456,mixtral
llama.cpp Q8_0,llamacpp-zendnn-q8,llamacpp-cpu-q8,2.966939198502168,1.0014577121492982,1.587670985309503,mixtral
