model,config,runs,ttft_s_mean,ttft_s_std,ttft_s_cv_pct,tpot_ms_mean,tpot_ms_std,tpot_ms_cv_pct,e2e_s_mean,e2e_s_std,e2e_s_cv_pct,prefill_tok_s_mean,prefill_tok_s_std,prefill_tok_s_cv_pct,decode_tok_s_mean,decode_tok_s_std,decode_tok_s_cv_pct,out_tok_s_mean,out_tok_s_std,out_tok_s_cv_pct,tokens_ok,startup_s,peak RSS GB
llama,llamacpp-zendnn-bf16,3,2.789856533675144,0.057112248855282,2.047139276371559,104.62286198643717,0.0313940230511326,0.030006847886843678,16.076960005952667,0.05528024780138143,0.34384764147521246,367.1477239314125,7.602864314916897,2.070791624010504,9.558140936413507,0.0028685701967952042,0.030011800577943514,7.961767079597105,0.027430649591246647,0.34452966680651426,True,3.0,28.814
llama,llamacpp-cpu-bf16,3,6.333509686713417,0.04200820586634783,0.6632689921430706,105.26095207516603,0.026772483496033245,0.02543439230619463,19.7016506002595,0.03989551735473368,0.20249834982967466,161.6844486764626,1.0720084572282158,0.6630250874487935,9.5001994891306,0.002416467633178253,0.025435967275666056,6.496935335568896,0.013157647213139438,0.20252082764476684,True,3.0,16.106
llama,vllm-zentorch-bf16,3,2.4806302466119328,0.06623094523985165,2.6699241182885065,111.55812753232446,0.5473267204131457,0.4906202107547523,16.64851244321714,0.0042688794747683815,0.025641206620280292,412.9916085307863,10.859177414135477,2.629394203133302,8.96408101134505,0.044103478401034055,0.49200222917682424,7.688374925179293,0.001971231386871702,0.025639116276912486,True,96.0,35.777
llama,vllm-cpu-bf16,3,2.5650012784947953,0.06598036210965545,2.57233252329505,115.74562509688415,0.5092977632095111,0.440014698424417,17.26469566579908,0.0024493039340334165,0.014186777348675916,399.3936794985869,10.123434146319589,2.5347006389858024,8.639747201256677,0.03811273969324255,0.4411325795238423,7.41397382238035,0.0010518893906127135,0.014187929655718572,True,117.0,36.064
llama,llamacpp-zendnn-q8,3,2.520542396387706,0.037394411555222655,1.4835858983691026,58.76664062253056,0.10392613320560068,0.17684545535474494,9.983905755449086,0.050230972249442306,0.5031194552495338,406.3209833012709,5.987538509091525,1.473598153962923,17.016492250537283,0.03008980145433916,0.17682728620752666,12.820849790092192,0.06438301571152684,0.5021743235872034,True,3.0,16.813
llama,llamacpp-cpu-q8,3,4.661043841081361,0.007511503605703216,0.16115496575034463,57.723079497615494,0.03301767225910092,0.05720012263113034,11.99187493727853,0.010855769097856575,0.09052603662593078,219.69365799086054,0.35375802299182196,0.16102332048499035,17.324096823956314,0.009912583367749703,0.057218471291630435,10.67389966886248,0.00966150799093284,0.09051525956457177,True,3.0,9.089
llama,vllm-zentorch-w8a8,3,1.4591912580654025,0.009516204987771719,0.6521561128585923,63.039343160017346,0.026624694124368884,0.04223504368817024,9.465187839387605,0.006315241730838118,0.0667207226945716,701.7784640995591,4.5711652122001265,0.6513686934045941,15.86311133362804,0.006701267918166331,0.04224434776524819,13.52324329540888,0.009023119424826193,0.06672304289526114,True,84.0,36.091
llama,vllm-cpu-w8a8,3,1.4839641866274178,0.03771229634829913,2.5413211914505345,65.17277377366706,0.392671654116484,0.6025087339080576,9.760906455883136,0.012212266025207913,0.12511405657255617,690.336540300717,17.290220524164447,2.504607465314333,15.344203225516937,0.09277047014587751,0.6045962034157829,13.113549878326246,0.016417948698649987,0.12519835476269603,True,114.0,31.824
qwen2,llamacpp-zendnn-bf16,3,2.6357863498851657,0.07585046200170349,2.8777166254392395,138.24370752144947,0.018018451363175876,0.013033831113347556,20.19273720510925,0.07397065191682795,0.3663230554900283,388.7161381696031,11.326102403370784,2.9137206540236376,7.233602376953982,0.0009428741514010847,0.013034641693951143,6.338969585092453,0.023258900160268586,0.3669192579022188,True,6.0,26.641
qwen2,llamacpp-cpu-bf16,3,5.992784942189853,0.10843667656482553,1.809453828409887,138.28596396963272,0.040501434449147417,0.02928817450919418,23.555102366333205,0.10914132350259953,0.46334472168795515,170.9098394279432,3.1250354709092734,1.828470193038131,7.231392315433972,0.002117790985639984,0.029286075118894868,5.4341447959725855,0.02524629395720151,0.464586331521978,True,3.0,14.829
qwen2,vllm-zentorch-bf16,3,2.18248313292861,0.002297965449084807,0.1052913268567274,114.78154213360837,0.7102219903655772,0.6187597562845623,16.75973898389687,0.0887478522381475,0.529530038167172,469.1906851028105,0.49371767344385187,0.10522750965008329,8.712423827969355,0.05373543591131963,0.6167679278734537,7.637492812972671,0.04032838469963447,0.5280317204506516,True,84.0,34.953
qwen2,vllm-cpu-bf16,3,2.2451354024621346,0.002361400509190706,0.105178534292456,118.58930949028826,0.22480719252552997,0.18956784004543034,17.305977707728744,0.030145480413023257,0.17419114321151857,456.0975495428509,0.4798772864725655,0.10521373924362215,8.43248348142278,0.0159693540470793,0.18937901369460913,7.396303221528529,0.012871152454278148,0.17402142758038763,True,99.0,35.269
qwen2,llamacpp-zendnn-q8,3,2.2266026393820844,0.033345387827841445,1.4975904204036734,62.77237010733506,0.006818532463996181,0.010862314824718437,10.198693643013636,0.03373881432911837,0.3308150583798575,459.9621454683077,6.879483547477669,1.4956629834121162,15.93057592307044,0.0017304262681481,0.01086229572932213,12.550718572431563,0.04151249614379387,0.3307579235740227,True,3.0,15.223
qwen2,llamacpp-cpu-q8,3,4.295909515116364,0.02064819265138995,0.4806477552363123,62.87294232562732,0.02931848402184845,0.04663132173774233,12.280773190471033,0.0242697365600865,0.19762384813781933,238.36994886557014,1.1428210407558101,0.47943167592837366,15.905095386653793,0.007414879573508428,0.04661952282116061,10.422823622234258,0.020575560893027853,0.1974087026584187,True,3.0,8.172
qwen2,vllm-zentorch-w8a8,3,1.311153100958715,0.0006162589653882307,0.04700129717403881,62.94291131711734,0.02863493955426105,0.045493509840994234,9.304902838232616,0.004239615034315325,0.04556323809094822,780.9920519729957,0.36697681869879756,0.04698854716532845,15.887414754468162,0.007226246417949397,0.04548409246958882,13.756190681046911,0.006266374132584731,0.04555312061222337,True,72.0,35.059
qwen2,vllm-cpu-w8a8,3,1.353497879890104,0.0007373884408980354,0.05448020657098531,64.3550384828816,0.05439315940123816,0.08452043644680084,9.526587767216066,0.006206452262804439,0.06514874385729968,756.5584090557712,0.4122725750472334,0.05449315877167679,15.538806278306152,0.013127159043036548,0.08447984232459012,13.436084286751212,0.008750276349730992,0.0651251969173734,True,96.0,29.374
mixtral,llamacpp-zendnn-bf16,3,6.444932725125303,0.03359869431260861,0.5213195504993481,173.9337091942824,0.07467589064752315,0.04293353542188355,28.534513792799164,0.02558237323739838,0.08965414102781814,158.88739142766002,0.8280993810723406,0.5211863406098945,5.749317527629876,0.002468996971778101,0.04294417485053972,4.48579812973468,0.004022572527380507,0.08967350761320213,True,6.0,253.016
mixtral,llamacpp-cpu-bf16,3,14.717518938084444,0.017458742057530598,0.11862557901897926,173.84622359325684,0.07676481644993208,0.044156735109493424,36.795989334428064,0.02680329719191141,0.07284298554471257,69.57700992792992,0.08258925139850573,0.1187019268060733,5.752210829452451,0.0025404713797229084,0.04416512980913695,3.478641221857752,0.0025350116066142755,0.07287361486679746,True,6.0,88.188
mixtral,vllm-zentorch-bf16,3,4.363109775974105,0.0011407951355600946,0.026146377105659722,186.40196239917964,0.3439694620732385,0.1845310304923873,28.036159000669915,0.04334162968594469,0.15459189571905713,234.69499949671567,0.06137345294962576,0.026150302767948247,5.364762577373745,0.009908852561774262,0.18470253657758368,4.565539954458054,0.007063201952775746,0.15470682598843172,True,132.0,190.222
mixtral,vllm-cpu-bf16,3,18.79628998801733,0.006001225394031116,0.031927712319063536,177.2636348978076,0.06502312727766481,0.03668159423400666,41.3087716200389,0.014204731370264201,0.034386719365369564,54.47883971956524,0.017391364463102927,0.03192315503161696,5.641315491811741,0.002068891470272508,0.03667391893389872,3.0986157435447854,0.0010653156679420997,0.03438037356395115,True,105.0,107.069
mixtral,llamacpp-zendnn-q8,3,5.195893451261024,0.026824943695999966,0.5162720126504836,96.26082859058276,0.066075313313768,0.06864195361833003,17.421018682265032,0.018450611895772386,0.10591006319599153,197.08220599849815,1.0145508316336613,0.5147856076064994,10.388444904124546,0.007133647128669502,0.06866905676938437,7.347451833732193,0.007777180508855867,0.10584867631456646,True,21.0,178.698
mixtral,llamacpp-cpu-q8,3,15.415899951787045,0.02024098063163259,0.13129937723347906,96.40114916992077,0.06903626114824413,0.07161352509040932,27.658845896366984,0.016676205737023678,0.06029248580908473,66.42500142026671,0.08716417685426094,0.1312219420256822,10.373323870442908,0.00742702055771709,0.07159730719368719,4.62781532911026,0.0027906264399573137,0.06030116246003787,True,3.0,47.399
mixtral,vllm-zentorch-w8a8,3,2.322673290812721,0.006314524105154752,0.27186449898621995,106.61948471405883,0.062453570069708204,0.05857613196799955,15.863347849498192,0.011885550714950418,0.07492460499330472,440.8734723387557,1.19696210248988,0.2714978735600053,9.379150832539823,0.005495782672585261,0.05859573825722379,8.068917678387855,0.006045311341245328,0.07492096935673737,True,120.0,166.723
