llamacpp-zendnn-bf16,launch,1790578657.695362678
llamacpp-zendnn-bf16,ready,1790578663.721433321
llamacpp-zendnn-bf16,done,1790578857.670899316
llamacpp-cpu-bf16,launch,1790578867.688961538
llamacpp-cpu-bf16,ready,1790578873.711884275
llamacpp-cpu-bf16,done,1790579021.067706945
vllm-zentorch-bf16,launch,1790579026.078585132
vllm-zentorch-bf16,ready,1790579158.376741566
vllm-zentorch-bf16,done,1790579270.652709780
vllm-cpu-bf16,launch,1790579281.673381776
vllm-cpu-bf16,ready,1790579386.925943777
vllm-cpu-bf16,done,1790579552.268830277
llamacpp-zendnn-q8,launch,1790579559.283049670
llamacpp-zendnn-q8,ready,1790579580.348378301
llamacpp-zendnn-q8,done,1790579662.511966452
llamacpp-cpu-q8,launch,1790579671.528112346
llamacpp-cpu-q8,ready,1790579674.544572758
llamacpp-cpu-q8,done,1790579785.409462707
vllm-zentorch-w8a8,launch,1790579790.420857074
vllm-zentorch-w8a8,ready,1790579910.701654651
vllm-zentorch-w8a8,done,1790579975.628760311
vllm-cpu-w8a8,launch,1790579985.655023791
