llamacpp-zendnn-bf16,launch,1790572624.028125921
llamacpp-zendnn-bf16,ready,1790572627.044759634
llamacpp-zendnn-bf16,done,1790572697.999587109
llamacpp-cpu-bf16,launch,1790572702.008659140
llamacpp-cpu-bf16,ready,1790572705.025212667
llamacpp-cpu-bf16,done,1790572784.446734188
vllm-zentorch-bf16,launch,1790572788.455882229
vllm-zentorch-bf16,ready,1790572884.672572214
vllm-zentorch-bf16,done,1790572951.393495878
vllm-cpu-bf16,launch,1790572955.403312203
vllm-cpu-bf16,ready,1790573072.685086357
vllm-cpu-bf16,done,1790573142.278938624
llamacpp-zendnn-q8,launch,1790573146.290306404
llamacpp-zendnn-q8,ready,1790573149.306359366
llamacpp-zendnn-q8,done,1790573196.596842016
llamacpp-cpu-q8,launch,1790573200.606301642
llamacpp-cpu-q8,ready,1790573203.623760609
llamacpp-cpu-q8,done,1790573253.333614823
vllm-zentorch-w8a8,launch,1790573257.342952639
vllm-zentorch-w8a8,ready,1790573341.550277314
vllm-zentorch-w8a8,done,1790573379.538552146
vllm-cpu-w8a8,launch,1790573386.554187886
vllm-cpu-w8a8,ready,1790573500.811959816
vllm-cpu-w8a8,done,1790573540.245741345
