t,proc_cores,rss_gb,anon_gb,nproc,nthreads,cpus_busy_pct,node_used_gb
1790578867.958,0.00,5.929,0.031,1,387,2.9,543.33
1790578868.208,1.04,12.462,0.031,1,387,3.1,543.34
1790578868.458,0.96,19.895,0.031,1,387,3.1,543.35
1790578868.708,1.04,26.417,0.031,1,387,3.1,543.36
1790578868.958,0.96,34.034,0.031,1,387,3.1,543.38
1790578869.208,1.04,43.182,0.031,1,387,3.1,543.40
1790578869.458,0.96,52.810,0.031,1,387,3.1,543.42
1790578869.708,1.04,62.845,0.031,1,387,3.1,543.44
1790578869.958,0.96,72.126,0.031,1,387,3.1,543.46
1790578870.208,1.04,80.839,0.031,1,387,3.1,543.47
1790578870.458,0.96,87.209,0.242,1,387,3.1,543.70
1790578870.708,15.76,87.546,0.537,1,418,54.3,543.99
1790578870.958,30.92,87.546,0.537,1,418,96.5,543.99
1790578871.208,31.56,87.546,0.537,1,418,99.9,543.99
1790578871.458,30.92,87.547,0.537,1,419,91.4,543.99
1790578871.708,0.00,87.547,0.537,1,419,0.0,543.99
1790578871.958,0.00,87.547,0.537,1,419,0.0,543.99
1790578872.208,0.00,87.547,0.537,1,419,0.0,543.99
1790578872.458,0.00,87.547,0.537,1,419,0.0,543.99
1790578872.708,0.00,87.547,0.537,1,419,0.0,543.99
1790578872.958,0.00,87.547,0.537,1,419,0.0,543.99
1790578873.208,0.00,87.547,0.537,1,419,0.0,543.99
1790578873.458,0.00,87.547,0.537,1,419,0.0,543.99
1790578873.708,0.00,87.547,0.537,1,419,0.0,543.99
1790578873.958,23.40,87.653,0.649,1,419,77.7,544.11
1790578874.208,31.72,87.764,0.754,1,419,100.0,544.22
1790578874.458,31.72,87.764,0.754,1,419,100.0,544.23
1790578874.708,32.28,87.764,0.754,1,419,100.0,544.23
1790578874.958,31.72,87.764,0.754,1,419,100.0,544.23
1790578875.208,32.28,87.764,0.754,1,419,100.0,544.23
1790578875.458,31.72,87.764,0.754,1,419,100.0,544.23
1790578875.708,32.28,87.764,0.754,1,419,100.0,544.23
1790578875.958,31.72,87.764,0.754,1,419,100.0,544.23
1790578876.208,32.28,87.764,0.754,1,419,100.0,544.23
1790578876.458,32.24,87.764,0.754,1,419,100.0,544.23
1790578876.708,31.76,87.764,0.754,1,419,100.0,544.23
1790578876.958,31.72,87.764,0.754,1,419,100.0,544.23
1790578877.208,32.24,87.764,0.754,1,419,100.0,544.23
1790578877.458,31.76,87.764,0.754,1,419,100.0,544.23
1790578877.708,32.24,87.764,0.754,1,419,100.0,544.23
1790578877.958,31.76,87.764,0.754,1,419,100.0,544.23
1790578878.208,32.24,87.764,0.754,1,419,100.0,544.23
1790578878.458,31.76,87.764,0.754,1,419,100.0,544.23
1790578878.708,32.24,87.764,0.754,1,419,100.0,544.23
1790578878.958,31.72,87.764,0.754,1,419,100.0,544.23
1790578879.208,32.28,87.764,0.754,1,419,100.0,544.23
1790578879.458,31.72,87.764,0.754,1,419,100.0,544.23
1790578879.708,32.28,87.764,0.754,1,419,100.0,544.23
1790578879.958,31.76,87.764,0.754,1,419,100.0,544.23
1790578880.208,32.24,87.764,0.754,1,419,100.0,544.24
1790578880.458,31.72,87.764,0.754,1,419,100.0,544.24
1790578880.708,32.28,87.764,0.754,1,419,100.0,544.24
1790578880.958,31.72,87.764,0.754,1,419,100.0,544.24
1790578881.208,32.24,87.765,0.754,1,419,100.0,544.24
1790578881.458,31.76,87.765,0.754,1,419,100.0,544.24
1790578881.708,32.24,87.765,0.754,1,419,100.0,544.24
1790578881.958,31.76,87.765,0.754,1,419,100.0,544.24
1790578882.208,32.24,87.765,0.754,1,419,100.0,544.24
1790578882.458,31.72,87.765,0.754,1,419,100.0,544.24
1790578882.708,32.28,87.765,0.754,1,419,100.0,544.24
1790578882.958,31.72,87.765,0.754,1,419,100.0,544.24
1790578883.208,32.28,87.765,0.754,1,419,100.0,544.24
1790578883.458,31.84,87.765,0.754,1,419,100.0,544.24
1790578883.708,32.16,87.765,0.754,1,419,100.0,544.24
1790578883.958,31.76,87.765,0.754,1,419,100.0,544.24
1790578884.208,32.24,87.765,0.754,1,419,100.0,544.24
1790578884.458,32.24,87.765,0.754,1,419,100.0,544.24
1790578884.708,31.76,87.765,0.754,1,419,100.0,544.24
1790578884.958,31.76,87.765,0.754,1,419,100.0,544.22
1790578885.208,32.32,87.765,0.754,1,419,100.0,544.22
1790578885.458,31.64,87.765,0.754,1,419,100.0,544.22
1790578885.708,32.28,87.765,0.754,1,419,100.0,544.22
1790578885.958,31.72,87.765,0.754,1,419,100.0,544.22
1790578886.208,32.28,87.765,0.754,1,419,100.0,544.22
1790578886.458,31.72,87.765,0.754,1,419,100.0,544.22
1790578886.708,32.24,87.765,0.754,1,419,100.0,544.22
1790578886.958,31.76,87.765,0.754,1,419,100.0,544.22
1790578887.208,32.28,87.765,0.754,1,419,100.0,544.22
1790578887.458,31.72,87.765,0.754,1,419,100.0,544.22
1790578887.708,32.24,87.765,0.754,1,419,100.0,544.22
1790578887.958,31.76,87.765,0.754,1,419,100.0,544.22
1790578888.208,32.24,87.765,0.754,1,419,100.0,544.22
1790578888.458,31.76,87.765,0.754,1,419,100.0,544.22
1790578888.708,32.36,87.765,0.754,1,419,100.0,544.22
1790578888.958,32.04,87.765,0.754,1,419,100.0,544.22
1790578889.208,31.88,87.765,0.754,1,419,100.0,544.22
1790578889.458,31.96,87.765,0.754,1,419,100.0,544.22
1790578889.708,32.04,87.765,0.754,1,419,100.0,544.22
1790578889.958,32.04,87.765,0.754,1,419,100.0,544.22
1790578890.208,32.00,87.765,0.754,1,419,100.0,544.22
1790578890.458,32.20,87.765,0.754,1,419,100.0,544.22
1790578890.708,31.76,87.765,0.754,1,419,100.0,544.22
1790578890.958,31.96,87.765,0.754,1,419,100.0,544.22
1790578891.208,32.16,87.765,0.754,1,419,100.0,544.22
1790578891.458,31.84,87.765,0.754,1,419,100.0,544.22
1790578891.708,32.00,87.765,0.754,1,419,100.0,544.22
1790578891.958,32.16,87.765,0.754,1,419,100.0,544.22
1790578892.208,31.92,87.765,0.754,1,419,100.0,544.22
1790578892.458,32.28,87.765,0.754,1,419,100.0,544.22
1790578892.708,31.68,87.765,0.754,1,419,100.0,544.22
1790578892.958,32.00,87.765,0.754,1,419,100.0,544.22
1790578893.208,31.96,87.765,0.754,1,419,100.0,544.22
1790578893.458,32.00,87.765,0.754,1,419,100.0,544.22
1790578893.708,32.04,87.765,0.754,1,419,100.0,544.22
1790578893.958,31.84,87.765,0.754,1,419,100.0,544.22
1790578894.208,32.08,87.765,0.754,1,419,100.0,544.22
1790578894.458,32.00,87.765,0.754,1,419,100.0,544.22
1790578894.708,32.08,87.765,0.754,1,419,100.0,544.22
1790578894.958,32.16,87.765,0.754,1,419,100.0,544.22
1790578895.208,31.76,87.765,0.754,1,419,100.0,544.22
1790578895.458,31.96,87.765,0.754,1,419,100.0,544.22
1790578895.708,32.32,87.765,0.754,1,419,100.0,544.22
1790578895.958,31.76,87.765,0.754,1,419,100.0,544.22
1790578896.208,31.92,87.765,0.754,1,419,100.0,544.22
1790578896.458,31.96,87.765,0.754,1,419,100.0,544.22
1790578896.708,32.08,87.765,0.754,1,419,100.0,544.22
1790578896.958,32.04,87.765,0.754,1,419,100.0,544.22
1790578897.208,31.92,87.765,0.754,1,419,100.0,544.22
1790578897.458,31.96,87.765,0.754,1,419,100.0,544.22
1790578897.708,32.08,87.765,0.754,1,419,100.0,544.22
1790578897.958,32.20,87.765,0.754,1,419,100.0,544.22
1790578898.208,31.76,87.765,0.754,1,419,100.0,544.22
1790578898.458,31.88,87.765,0.754,1,419,100.0,544.22
1790578898.708,32.32,87.765,0.754,1,419,100.0,544.22
1790578898.958,32.12,87.765,0.754,1,419,100.0,544.22
1790578899.208,31.68,87.765,0.754,1,419,100.0,544.22
1790578899.458,32.00,87.765,0.754,1,419,100.0,544.22
1790578899.708,32.08,87.765,0.754,1,419,100.0,544.22
1790578899.958,31.92,87.765,0.754,1,419,100.0,544.22
1790578900.208,32.08,87.765,0.754,1,419,100.0,544.22
1790578900.458,31.88,87.765,0.754,1,419,100.0,544.22
1790578900.708,32.24,87.765,0.754,1,419,100.0,544.22
1790578900.958,32.00,87.765,0.754,1,419,100.0,544.22
1790578901.208,31.88,87.765,0.754,1,419,100.0,544.22
1790578901.458,31.88,87.765,0.754,1,419,100.0,544.22
1790578901.708,32.08,87.765,0.754,1,419,100.0,544.22
1790578901.958,31.92,87.765,0.754,1,419,100.0,544.22
1790578902.208,32.08,87.765,0.754,1,419,100.0,544.22
1790578902.458,31.92,87.765,0.754,1,419,100.0,544.22
1790578902.708,32.08,87.765,0.754,1,419,100.0,544.22
1790578902.958,32.00,87.765,0.754,1,419,100.0,544.22
1790578903.208,31.96,87.765,0.754,1,419,100.0,544.22
1790578903.458,31.80,87.765,0.754,1,419,100.0,544.22
1790578903.708,32.32,87.765,0.754,1,419,100.0,544.22
1790578903.958,31.84,87.765,0.754,1,419,100.0,544.22
1790578904.208,32.00,87.765,0.754,1,419,100.0,544.22
1790578904.458,31.96,87.765,0.754,1,419,100.0,544.22
1790578904.708,32.04,87.765,0.754,1,419,100.0,544.22
1790578904.958,32.04,87.765,0.754,1,419,100.0,544.22
1790578905.208,31.92,87.765,0.754,1,419,100.0,544.22
1790578905.458,32.00,87.765,0.754,1,419,100.0,544.22
1790578905.708,32.00,87.765,0.754,1,419,100.0,544.22
1790578905.958,32.00,87.765,0.754,1,419,100.0,544.22
1790578906.208,32.20,87.765,0.754,1,419,100.0,544.22
1790578906.458,31.80,87.765,0.754,1,419,100.0,544.22
1790578906.708,31.96,87.765,0.754,1,419,100.0,544.22
1790578906.958,32.28,87.765,0.754,1,419,100.0,544.22
1790578907.208,31.88,87.765,0.754,1,419,100.0,544.22
1790578907.458,31.88,87.765,0.754,1,419,100.0,544.22
1790578907.708,32.08,87.765,0.754,1,419,100.0,544.22
1790578907.958,31.88,87.765,0.754,1,419,100.0,544.22
1790578908.208,32.08,87.765,0.754,1,419,100.0,544.22
1790578908.458,31.88,87.765,0.754,1,419,100.0,544.22
1790578908.708,32.12,87.765,0.754,1,419,100.0,544.22
1790578908.958,32.16,87.765,0.754,1,419,100.0,544.22
1790578909.208,31.92,87.765,0.754,1,419,100.0,544.22
1790578909.458,31.92,87.765,0.754,1,419,100.0,544.22
1790578909.708,32.00,87.765,0.754,1,419,100.0,544.22
1790578909.958,32.00,87.765,0.754,1,419,100.0,544.22
1790578910.208,32.04,87.765,0.754,1,419,100.0,544.22
1790578910.458,31.96,87.765,0.754,1,419,100.0,544.22
1790578910.708,31.88,87.906,0.895,1,419,100.0,544.36
1790578910.958,31.76,87.906,0.895,1,419,100.0,544.36
1790578911.208,32.24,87.906,0.895,1,419,100.0,544.36
1790578911.458,31.76,87.906,0.895,1,419,100.0,544.36
1790578911.708,32.24,87.906,0.895,1,419,100.0,544.36
1790578911.958,31.76,87.906,0.895,1,419,100.0,544.36
1790578912.208,32.24,87.906,0.895,1,419,100.0,544.36
1790578912.458,31.76,87.906,0.895,1,419,100.0,544.36
1790578912.708,32.24,87.906,0.895,1,419,100.0,544.36
1790578912.958,31.76,87.906,0.895,1,419,100.0,544.36
1790578913.208,32.24,87.906,0.895,1,419,100.0,544.36
1790578913.458,31.72,87.906,0.895,1,419,100.0,544.37
1790578913.708,32.28,87.906,0.895,1,419,100.0,544.37
1790578913.958,31.96,87.906,0.895,1,419,100.0,544.36
1790578914.208,32.04,87.906,0.895,1,419,100.0,544.37
1790578914.458,31.72,87.906,0.895,1,419,100.0,544.36
1790578914.708,32.28,87.906,0.895,1,419,100.0,544.36
1790578914.958,32.24,87.906,0.895,1,419,100.0,544.36
1790578915.208,31.72,87.906,0.895,1,419,100.0,544.36
1790578915.458,31.76,87.906,0.895,1,419,100.0,544.36
1790578915.708,32.24,87.906,0.895,1,419,100.0,544.36
1790578915.958,31.76,87.906,0.895,1,419,100.0,544.36
1790578916.208,32.28,87.906,0.895,1,419,100.0,544.36
1790578916.458,31.72,87.906,0.895,1,419,100.0,544.36
1790578916.708,32.28,87.906,0.895,1,419,100.0,544.36
1790578916.958,31.72,87.906,0.895,1,419,100.0,544.36
1790578917.208,32.24,87.906,0.895,1,419,100.0,544.36
1790578917.458,31.96,87.906,0.895,1,419,100.0,544.36
1790578917.708,32.08,87.906,0.895,1,419,100.0,544.36
1790578917.958,31.92,87.906,0.895,1,419,100.0,544.36
1790578918.208,32.24,87.906,0.895,1,419,100.0,544.36
1790578918.458,31.56,87.906,0.895,1,419,100.0,544.36
1790578918.708,32.24,87.906,0.895,1,419,100.0,544.36
1790578918.958,31.72,87.906,0.895,1,419,100.0,544.36
1790578919.208,32.28,87.906,0.895,1,419,100.0,544.36
1790578919.458,31.76,87.906,0.895,1,419,100.0,544.36
1790578919.708,32.24,87.906,0.895,1,419,100.0,544.36
1790578919.958,31.72,87.906,0.895,1,419,100.0,544.36
1790578920.208,32.24,87.906,0.895,1,419,100.0,544.37
1790578920.458,31.76,87.906,0.895,1,419,100.0,544.37
1790578920.708,32.28,87.906,0.895,1,419,100.0,544.37
1790578920.958,31.72,87.906,0.895,1,419,100.0,544.37
1790578921.208,32.24,87.906,0.895,1,419,100.0,544.37
1790578921.458,31.76,87.906,0.895,1,419,100.0,544.37
1790578921.708,32.24,87.906,0.895,1,419,100.0,544.37
1790578921.958,31.76,87.906,0.895,1,419,100.0,544.37
1790578922.208,32.24,87.906,0.895,1,419,100.0,544.37
1790578922.458,31.80,87.906,0.895,1,419,100.0,544.37
1790578922.708,32.32,87.906,0.895,1,419,100.0,544.37
1790578922.958,31.64,87.906,0.895,1,419,100.0,544.37
1790578923.208,32.28,87.906,0.895,1,419,100.0,544.37
1790578923.458,31.72,87.906,0.895,1,419,100.0,544.37
1790578923.708,32.24,87.906,0.895,1,419,100.0,544.37
1790578923.958,31.76,87.906,0.895,1,419,100.0,544.37
1790578924.208,32.24,87.906,0.895,1,419,100.0,544.36
1790578924.458,31.72,87.906,0.895,1,419,100.0,544.36
1790578924.708,32.28,87.906,0.895,1,419,100.0,544.36
1790578924.958,32.24,87.906,0.895,1,419,100.0,544.36
1790578925.208,31.76,87.906,0.895,1,419,100.0,544.36
1790578925.458,32.08,87.906,0.895,1,419,100.0,544.36
1790578925.708,31.92,87.906,0.895,1,419,100.0,544.36
1790578925.958,32.00,87.906,0.895,1,419,100.0,544.37
1790578926.208,32.28,87.906,0.895,1,419,100.0,544.37
1790578926.458,31.68,87.906,0.895,1,419,100.0,544.37
1790578926.708,32.08,87.906,0.895,1,419,100.0,544.37
1790578926.958,32.12,87.906,0.895,1,419,100.0,544.37
1790578927.208,31.88,87.906,0.895,1,419,100.0,544.37
1790578927.458,32.32,87.906,0.895,1,419,100.0,544.37
1790578927.708,31.64,87.906,0.895,1,419,100.0,544.37
1790578927.958,32.08,87.906,0.895,1,419,100.0,544.37
1790578928.208,31.88,87.906,0.895,1,419,100.0,544.36
1790578928.458,32.08,87.906,0.895,1,419,100.0,544.37
1790578928.708,32.00,87.906,0.895,1,419,100.0,544.36
1790578928.958,31.88,87.906,0.895,1,419,100.0,544.36
1790578929.208,32.04,87.906,0.895,1,419,100.0,544.36
1790578929.458,32.28,87.906,0.895,1,419,100.0,544.36
1790578929.708,31.72,87.906,0.895,1,419,100.0,544.36
1790578929.958,31.88,87.906,0.895,1,419,100.0,544.36
1790578930.208,32.16,87.906,0.895,1,419,100.0,544.36
1790578930.458,31.84,87.906,0.895,1,419,100.0,544.36
1790578930.708,32.12,87.906,0.895,1,419,100.0,544.36
1790578930.958,32.24,87.906,0.895,1,419,100.0,544.36
1790578931.208,31.72,87.906,0.895,1,419,100.0,544.36
1790578931.458,32.08,87.906,0.895,1,419,100.0,544.36
1790578931.708,32.08,87.906,0.895,1,419,100.0,544.36
1790578931.958,31.84,87.906,0.895,1,419,100.0,544.36
1790578932.208,32.12,87.906,0.895,1,419,100.0,544.36
1790578932.458,31.96,87.906,0.895,1,419,100.0,544.36
1790578932.708,31.92,87.906,0.895,1,419,100.0,544.36
1790578932.958,32.08,87.906,0.895,1,419,100.0,544.36
1790578933.208,31.88,87.906,0.895,1,419,100.0,544.36
1790578933.458,32.08,87.906,0.895,1,419,100.0,544.36
1790578933.708,32.12,87.906,0.895,1,419,100.0,544.37
1790578933.958,31.84,87.906,0.895,1,419,100.0,544.36
1790578934.208,32.20,87.906,0.895,1,419,100.0,544.36
1790578934.458,31.76,87.906,0.895,1,419,100.0,544.37
1790578934.708,32.00,87.906,0.895,1,419,100.0,544.37
1790578934.958,31.96,87.906,0.895,1,419,100.0,544.37
1790578935.208,32.08,87.906,0.895,1,419,100.0,544.36
1790578935.458,31.96,87.906,0.895,1,419,100.0,544.36
1790578935.708,32.44,87.906,0.895,1,419,100.0,544.36
1790578935.958,31.56,87.906,0.895,1,419,100.0,544.36
1790578936.208,32.04,87.906,0.895,1,419,100.0,544.36
1790578936.458,31.88,87.906,0.895,1,419,100.0,544.36
1790578936.708,32.08,87.906,0.895,1,419,100.0,544.36
1790578936.958,32.04,87.906,0.895,1,419,100.0,544.36
1790578937.208,31.92,87.906,0.895,1,419,100.0,544.36
1790578937.458,32.28,87.906,0.895,1,419,100.0,544.36
1790578937.708,31.84,87.906,0.895,1,419,100.0,544.36
1790578937.958,31.80,87.906,0.895,1,419,100.0,544.36
1790578938.208,32.12,87.906,0.895,1,419,100.0,544.36
1790578938.458,32.00,87.906,0.895,1,419,100.0,544.36
1790578938.708,32.00,87.906,0.895,1,419,100.0,544.36
1790578938.958,31.96,87.906,0.895,1,419,100.0,544.36
1790578939.208,32.08,87.906,0.895,1,419,100.0,544.36
1790578939.458,31.84,87.906,0.895,1,419,100.0,544.36
1790578939.708,32.12,87.906,0.895,1,419,100.0,544.36
1790578939.958,32.08,87.906,0.895,1,419,100.0,544.36
1790578940.208,31.92,87.906,0.895,1,419,100.0,544.36
1790578940.458,31.84,87.906,0.895,1,419,100.0,544.36
1790578940.708,32.32,87.906,0.895,1,419,100.0,544.36
1790578940.958,31.80,87.906,0.895,1,419,100.0,544.36
1790578941.208,32.08,87.906,0.895,1,419,100.0,544.36
1790578941.458,31.92,87.906,0.895,1,419,100.0,544.36
1790578941.708,32.04,87.906,0.895,1,419,100.0,544.36
1790578941.958,32.04,87.906,0.895,1,419,100.0,544.36
1790578942.208,32.00,87.906,0.895,1,419,100.0,544.36
1790578942.458,31.92,87.906,0.895,1,419,100.0,544.36
1790578942.708,32.04,87.906,0.895,1,419,100.0,544.36
1790578942.958,32.00,87.906,0.895,1,419,100.0,544.36
1790578943.208,31.92,87.906,0.895,1,419,100.0,544.36
1790578943.458,31.88,87.906,0.895,1,419,100.0,544.36
1790578943.708,32.20,87.906,0.895,1,419,100.0,544.36
1790578943.958,32.20,87.906,0.895,1,419,100.0,544.36
1790578944.208,31.76,87.906,0.895,1,419,100.0,544.36
1790578944.458,32.00,87.906,0.895,1,419,100.0,544.36
1790578944.708,31.92,87.906,0.895,1,419,100.0,544.36
1790578944.958,32.00,87.906,0.895,1,419,100.0,544.36
1790578945.208,32.16,87.906,0.895,1,419,100.0,544.36
1790578945.458,31.88,87.906,0.895,1,419,100.0,544.36
1790578945.708,32.08,87.906,0.895,1,419,100.0,544.36
1790578945.958,31.96,87.906,0.895,1,419,100.0,544.36
1790578946.208,31.92,87.906,0.895,1,419,100.0,544.36
1790578946.458,31.88,87.906,0.895,1,419,100.0,544.36
1790578946.708,32.24,87.906,0.895,1,419,100.0,544.36
1790578946.958,32.00,87.906,0.895,1,419,100.0,544.36
1790578947.208,31.88,87.906,0.895,1,419,100.0,544.36
1790578947.458,32.04,88.047,1.036,1,419,100.0,544.50
1790578947.708,31.92,88.047,1.036,1,419,100.0,544.50
1790578947.958,31.76,88.047,1.036,1,419,100.0,544.50
1790578948.208,32.24,88.047,1.036,1,419,100.0,544.50
1790578948.458,31.76,88.047,1.036,1,419,100.0,544.50
1790578948.708,32.48,88.047,1.036,1,419,100.0,544.50
1790578948.958,31.48,88.047,1.036,1,419,100.0,544.50
1790578949.208,32.28,88.047,1.036,1,419,100.0,544.50
1790578949.458,31.76,88.047,1.036,1,419,100.0,544.50
1790578949.708,32.36,88.047,1.036,1,419,100.0,544.50
1790578949.958,31.64,88.047,1.036,1,419,100.0,544.50
1790578950.208,32.24,88.047,1.036,1,419,100.0,544.50
1790578950.458,31.76,88.047,1.036,1,419,100.0,544.50
1790578950.708,32.24,88.047,1.036,1,419,100.0,544.50
1790578950.958,31.92,88.047,1.036,1,419,100.0,544.50
1790578951.208,32.08,88.047,1.036,1,419,100.0,544.50
1790578951.458,31.72,88.047,1.036,1,419,100.0,544.50
1790578951.708,32.28,88.047,1.036,1,419,100.0,544.50
1790578951.958,32.24,88.047,1.036,1,419,100.0,544.50
1790578952.208,31.72,88.047,1.036,1,419,100.0,544.50
1790578952.458,31.80,88.047,1.036,1,419,100.0,544.50
1790578952.708,32.24,88.047,1.036,1,419,100.0,544.50
1790578952.958,31.72,88.047,1.036,1,419,100.0,544.50
1790578953.208,32.28,88.047,1.036,1,419,100.0,544.50
1790578953.458,31.72,88.047,1.036,1,419,100.0,544.50
1790578953.708,32.28,88.047,1.036,1,419,100.0,544.50
1790578953.958,31.72,88.047,1.036,1,419,100.0,544.50
1790578954.208,32.24,88.047,1.036,1,419,100.0,544.50
1790578954.458,31.72,88.047,1.036,1,419,100.0,544.50
1790578954.708,32.28,88.047,1.036,1,419,100.0,544.50
1790578954.958,31.72,88.047,1.036,1,419,100.0,544.50
1790578955.208,32.48,88.047,1.036,1,419,100.0,544.50
1790578955.458,31.64,88.047,1.036,1,419,100.0,544.50
1790578955.708,32.16,88.047,1.036,1,419,100.0,544.50
1790578955.958,31.72,88.047,1.036,1,419,100.0,544.50
1790578956.208,32.24,88.047,1.036,1,419,100.0,544.50
1790578956.458,31.76,88.047,1.036,1,419,100.0,544.50
1790578956.708,32.24,88.047,1.036,1,419,100.0,544.50
1790578956.958,31.88,88.047,1.036,1,419,100.0,544.50
1790578957.208,32.16,88.047,1.036,1,419,100.0,544.50
1790578957.458,31.76,88.047,1.036,1,419,100.0,544.50
1790578957.708,32.24,88.047,1.036,1,419,100.0,544.50
1790578957.958,31.76,88.047,1.036,1,419,100.0,544.50
1790578958.208,32.24,88.047,1.036,1,419,100.0,544.50
1790578958.458,31.72,88.047,1.036,1,419,100.0,544.50
1790578958.708,32.24,88.047,1.036,1,419,100.0,544.50
1790578958.958,31.76,88.047,1.036,1,419,100.0,544.50
1790578959.208,32.24,88.047,1.036,1,419,100.0,544.50
1790578959.458,31.76,88.047,1.036,1,419,100.0,544.50
1790578959.708,32.24,88.047,1.036,1,419,100.0,544.50
1790578959.958,32.24,88.047,1.036,1,419,100.0,544.50
1790578960.208,31.76,88.047,1.036,1,419,100.0,544.50
1790578960.458,31.72,88.047,1.036,1,419,100.0,544.50
1790578960.708,32.28,88.047,1.036,1,419,100.0,544.50
1790578960.958,31.76,88.047,1.036,1,419,100.0,544.50
1790578961.208,32.24,88.047,1.036,1,419,100.0,544.50
1790578961.458,31.76,88.047,1.036,1,419,100.0,544.50
1790578961.708,32.24,88.047,1.036,1,419,100.0,544.50
1790578961.958,31.76,88.047,1.036,1,419,100.0,544.50
1790578962.208,32.28,88.047,1.036,1,419,100.0,544.50
1790578962.458,32.32,88.047,1.036,1,419,100.0,544.50
1790578962.708,31.64,88.047,1.036,1,419,100.0,544.50
1790578962.958,32.08,88.047,1.036,1,419,100.0,544.50
1790578963.208,32.12,88.047,1.036,1,419,100.0,544.50
1790578963.458,31.84,88.047,1.036,1,419,100.0,544.50
1790578963.708,32.04,88.047,1.036,1,419,100.0,544.50
1790578963.958,32.00,88.047,1.036,1,419,100.0,544.50
1790578964.208,31.92,88.047,1.036,1,419,100.0,544.50
1790578964.458,31.96,88.047,1.036,1,419,100.0,544.50
1790578964.708,32.00,88.047,1.036,1,419,100.0,544.50
1790578964.958,32.04,88.047,1.036,1,419,100.0,544.50
1790578965.208,32.08,88.047,1.036,1,419,100.0,544.50
1790578965.458,31.92,88.047,1.036,1,419,100.0,544.50
1790578965.708,32.00,88.047,1.036,1,419,100.0,544.50
1790578965.958,32.00,88.047,1.036,1,419,100.0,544.50
1790578966.208,32.00,88.047,1.036,1,419,100.0,544.50
1790578966.458,31.84,88.047,1.036,1,419,100.0,544.50
1790578966.708,32.12,88.047,1.036,1,419,100.0,544.50
1790578966.958,32.12,88.047,1.036,1,419,100.0,544.50
1790578967.208,31.88,88.047,1.036,1,419,100.0,544.50
1790578967.458,32.08,88.047,1.036,1,419,100.0,544.50
1790578967.708,32.08,88.047,1.036,1,419,100.0,544.50
1790578967.958,31.64,88.047,1.036,1,419,100.0,544.50
1790578968.208,32.16,88.047,1.036,1,419,100.0,544.50
1790578968.458,32.08,88.047,1.036,1,419,100.0,544.50
1790578968.708,32.04,88.047,1.036,1,419,100.0,544.50
1790578968.958,31.92,88.047,1.036,1,419,100.0,544.50
1790578969.208,32.04,88.047,1.036,1,419,100.0,544.50
1790578969.458,31.92,88.047,1.036,1,419,100.0,544.50
1790578969.708,31.96,88.047,1.036,1,419,100.0,544.50
1790578969.958,32.04,88.047,1.036,1,419,100.0,544.50
1790578970.208,32.04,88.047,1.036,1,419,100.0,544.50
1790578970.458,31.92,88.047,1.036,1,419,100.0,544.50
1790578970.708,32.56,88.047,1.036,1,419,100.0,544.50
1790578970.958,31.56,88.047,1.036,1,419,100.0,544.50
1790578971.208,31.44,88.047,1.036,1,419,100.0,544.50
1790578971.458,32.56,88.047,1.036,1,419,100.0,544.50
1790578971.708,31.96,88.047,1.036,1,419,100.0,544.50
1790578971.958,32.04,88.047,1.036,1,419,100.0,544.50
1790578972.208,32.00,88.047,1.036,1,419,100.0,544.50
1790578972.458,31.80,88.047,1.036,1,419,100.0,544.50
1790578972.708,32.08,88.047,1.036,1,419,100.0,544.50
1790578972.958,32.04,88.047,1.036,1,419,100.0,544.50
1790578973.208,31.96,88.047,1.036,1,419,100.0,544.50
1790578973.458,31.96,88.047,1.036,1,419,100.0,544.50
1790578973.708,32.20,88.047,1.036,1,419,100.0,544.50
1790578973.958,31.84,88.047,1.036,1,419,100.0,544.50
1790578974.208,31.96,88.047,1.036,1,419,100.0,544.50
1790578974.458,32.28,88.047,1.036,1,419,100.0,544.50
1790578974.708,31.76,88.047,1.036,1,419,100.0,544.50
1790578974.958,32.08,88.047,1.036,1,419,100.0,544.50
1790578975.208,31.88,88.047,1.036,1,419,100.0,544.50
1790578975.458,32.08,88.047,1.036,1,419,100.0,544.50
1790578975.708,31.92,88.047,1.036,1,419,100.0,544.50
1790578975.958,32.08,88.047,1.036,1,419,100.0,544.50
1790578976.208,31.92,88.047,1.036,1,419,100.0,544.50
1790578976.458,32.04,88.047,1.036,1,419,100.0,544.50
1790578976.708,31.96,88.047,1.036,1,419,100.0,544.50
1790578976.958,32.08,88.047,1.036,1,419,100.0,544.50
1790578977.208,31.92,88.047,1.036,1,419,100.0,544.50
1790578977.458,32.12,88.047,1.036,1,419,100.0,544.50
1790578977.708,31.88,88.047,1.036,1,419,100.0,544.50
1790578977.958,32.08,88.047,1.036,1,419,100.0,544.50
1790578978.208,32.04,88.047,1.036,1,419,100.0,544.50
1790578978.458,31.92,88.047,1.036,1,419,100.0,544.50
1790578978.708,31.96,88.047,1.036,1,419,100.0,544.50
1790578978.958,32.44,88.047,1.036,1,419,100.0,544.50
1790578979.208,31.72,88.047,1.036,1,419,100.0,544.50
1790578979.458,31.80,88.047,1.036,1,419,100.0,544.50
1790578979.708,32.00,88.047,1.036,1,419,100.0,544.50
1790578979.958,32.04,88.047,1.036,1,419,100.0,544.50
1790578980.208,32.00,88.047,1.036,1,419,100.0,544.50
1790578980.458,32.00,88.047,1.036,1,419,100.0,544.50
1790578980.708,32.08,88.047,1.036,1,419,100.0,544.50
1790578980.958,31.88,88.047,1.036,1,419,100.0,544.50
1790578981.208,32.08,88.047,1.036,1,419,100.0,544.50
1790578981.458,31.96,88.047,1.036,1,419,100.0,544.50
1790578981.708,31.96,88.047,1.036,1,419,100.0,544.50
1790578981.958,32.04,88.047,1.036,1,419,100.0,544.50
1790578982.208,31.92,88.047,1.036,1,419,100.0,544.50
1790578982.458,32.28,88.047,1.036,1,419,100.0,544.50
1790578982.708,31.84,88.047,1.036,1,419,100.0,544.50
1790578982.958,31.92,88.047,1.036,1,419,100.0,544.50
1790578983.208,32.00,88.047,1.036,1,419,100.0,544.50
1790578983.458,32.00,88.047,1.036,1,419,100.0,544.50
1790578983.708,31.96,88.047,1.036,1,419,100.0,544.50
1790578983.958,32.04,88.047,1.036,1,419,100.0,544.50
1790578984.208,32.12,88.068,1.097,1,419,100.0,544.56
1790578984.458,31.56,88.187,1.176,1,419,100.0,544.64
1790578984.708,32.24,88.187,1.176,1,419,100.0,544.64
1790578984.958,31.76,88.187,1.176,1,419,100.0,544.64
1790578985.208,32.40,88.187,1.176,1,419,100.0,544.64
1790578985.458,31.60,88.187,1.176,1,419,100.0,544.64
1790578985.708,32.28,88.187,1.176,1,419,100.0,544.64
1790578985.958,31.72,88.187,1.176,1,419,100.0,544.64
1790578986.208,32.24,88.187,1.176,1,419,100.0,544.64
1790578986.458,31.84,88.187,1.176,1,419,100.0,544.64
1790578986.708,32.20,88.187,1.176,1,419,100.0,544.64
1790578986.958,31.72,88.187,1.176,1,419,100.0,544.64
1790578987.208,32.24,88.187,1.176,1,419,100.0,544.64
1790578987.458,31.72,88.187,1.176,1,419,100.0,544.64
1790578987.708,32.28,88.187,1.176,1,419,100.0,544.64
1790578987.958,31.72,88.187,1.176,1,419,100.0,544.64
1790578988.208,32.28,88.187,1.176,1,419,100.0,544.64
1790578988.458,31.72,88.187,1.176,1,419,100.0,544.64
1790578988.708,32.40,88.187,1.176,1,419,100.0,544.64
1790578988.958,31.80,88.187,1.176,1,419,100.0,544.64
1790578989.208,32.08,88.187,1.176,1,419,100.0,544.64
1790578989.458,31.76,88.187,1.176,1,419,100.0,544.64
1790578989.708,32.24,88.187,1.176,1,419,100.0,544.64
1790578989.958,31.72,88.187,1.176,1,419,100.0,544.64
1790578990.208,32.28,88.187,1.176,1,419,100.0,544.64
1790578990.458,31.24,88.187,1.176,1,419,100.0,544.64
1790578990.708,32.76,88.187,1.176,1,419,100.0,544.64
1790578990.958,32.24,88.187,1.176,1,419,100.0,544.64
1790578991.208,31.76,88.187,1.176,1,419,100.0,544.64
1790578991.458,31.72,88.187,1.176,1,419,100.0,544.64
1790578991.708,32.28,88.187,1.176,1,419,100.0,544.64
1790578991.958,31.72,88.187,1.176,1,419,100.0,544.64
1790578992.208,32.24,88.187,1.176,1,419,100.0,544.64
1790578992.458,31.76,88.187,1.176,1,419,100.0,544.64
1790578992.708,32.28,88.187,1.176,1,419,100.0,544.64
1790578992.958,32.08,88.187,1.176,1,419,100.0,544.64
1790578993.208,31.88,88.187,1.176,1,419,100.0,544.64
1790578993.458,31.92,88.187,1.176,1,419,100.0,544.64
1790578993.708,31.56,88.187,1.176,1,419,100.0,544.64
1790578993.958,32.28,88.187,1.176,1,419,100.0,544.64
1790578994.208,32.24,88.187,1.176,1,419,100.0,544.64
1790578994.458,31.72,88.187,1.176,1,419,100.0,544.64
1790578994.708,32.28,88.187,1.176,1,419,100.0,544.64
1790578994.958,31.76,88.187,1.176,1,419,100.0,544.64
1790578995.208,32.24,88.187,1.176,1,419,100.0,544.64
1790578995.459,32.17,88.187,1.176,1,419,100.0,544.64
1790578995.708,31.83,88.187,1.176,1,419,100.0,544.64
1790578995.958,31.72,88.187,1.176,1,419,100.0,544.64
1790578996.208,32.28,88.187,1.176,1,419,100.0,544.64
1790578996.458,31.72,88.187,1.176,1,419,100.0,544.64
1790578996.708,32.28,88.187,1.176,1,419,100.0,544.64
1790578996.958,31.72,88.187,1.176,1,419,100.0,544.64
1790578997.208,32.24,88.187,1.176,1,419,100.0,544.64
1790578997.458,32.28,88.187,1.176,1,419,100.0,544.64
1790578997.708,31.72,88.187,1.176,1,419,100.0,544.64
1790578997.958,32.00,88.187,1.176,1,419,100.0,544.64
1790578998.208,32.08,88.187,1.176,1,419,100.0,544.64
1790578998.458,31.68,88.187,1.176,1,419,100.0,544.64
1790578998.708,32.24,88.187,1.176,1,419,100.0,544.64
1790578998.958,32.12,88.188,1.177,1,419,100.0,544.64
1790578999.208,31.92,88.188,1.177,1,419,100.0,544.64
1790578999.458,32.04,88.188,1.177,1,419,100.0,544.64
1790578999.708,31.96,88.188,1.177,1,419,100.0,544.64
1790578999.958,31.96,88.188,1.177,1,419,100.0,544.64
1790579000.208,32.00,88.188,1.177,1,419,100.0,544.64
1790579000.458,31.96,88.188,1.177,1,419,100.0,544.64
1790579000.708,32.16,88.188,1.177,1,419,100.0,544.64
1790579000.958,31.80,88.188,1.177,1,419,100.0,544.64
1790579001.208,32.12,88.188,1.177,1,419,100.0,544.64
1790579001.458,31.88,88.188,1.177,1,419,100.0,544.64
1790579001.708,31.60,88.188,1.177,1,419,100.0,544.64
1790579001.958,32.52,88.188,1.177,1,419,100.0,544.64
1790579002.208,31.92,88.188,1.177,1,419,100.0,544.64
1790579002.458,31.96,88.188,1.177,1,419,100.0,544.64
1790579002.708,32.08,88.188,1.177,1,419,100.0,544.64
1790579002.958,32.12,88.188,1.177,1,419,100.0,544.64
1790579003.208,31.88,88.188,1.177,1,419,100.0,544.64
1790579003.458,31.92,88.188,1.177,1,419,100.0,544.64
1790579003.708,32.28,88.188,1.177,1,419,100.0,544.64
1790579003.958,31.88,88.188,1.177,1,419,100.0,544.64
1790579004.208,31.88,88.188,1.177,1,419,100.0,544.64
1790579004.458,32.12,88.188,1.177,1,419,100.0,544.64
1790579004.708,31.84,88.188,1.177,1,419,100.0,544.64
1790579004.958,32.28,88.188,1.177,1,419,100.0,544.64
1790579005.208,31.76,88.188,1.177,1,419,100.0,544.64
1790579005.458,31.84,88.188,1.177,1,419,100.0,544.64
1790579005.708,32.64,88.188,1.177,1,419,100.0,544.64
1790579005.958,31.68,88.188,1.177,1,419,100.0,544.64
1790579006.208,31.88,88.188,1.177,1,419,100.0,544.64
1790579006.458,31.88,88.188,1.177,1,419,100.0,544.64
1790579006.708,32.12,88.188,1.177,1,419,100.0,544.64
1790579006.958,31.80,88.188,1.177,1,419,100.0,544.64
1790579007.208,32.20,88.188,1.177,1,419,100.0,544.64
1790579007.458,31.84,88.188,1.177,1,419,100.0,544.64
1790579007.708,32.12,88.188,1.177,1,419,100.0,544.64
1790579007.958,31.92,88.188,1.177,1,419,100.0,544.64
1790579008.208,32.12,88.188,1.177,1,419,100.0,544.64
1790579008.458,31.84,88.188,1.177,1,419,100.0,544.64
1790579008.708,32.12,88.188,1.177,1,419,100.0,544.64
1790579008.958,32.00,88.188,1.177,1,419,100.0,544.64
1790579009.208,32.04,88.188,1.177,1,419,100.0,544.64
1790579009.458,31.88,88.188,1.177,1,419,100.0,544.64
1790579009.708,32.28,88.188,1.177,1,419,100.0,544.64
1790579009.958,31.72,88.188,1.177,1,419,100.0,544.64
1790579010.208,32.08,88.188,1.177,1,419,100.0,544.64
1790579010.458,32.00,88.188,1.177,1,419,100.0,544.64
1790579010.708,31.92,88.188,1.177,1,419,100.0,544.64
1790579010.958,32.08,88.188,1.177,1,419,100.0,544.64
1790579011.208,31.92,88.188,1.177,1,419,100.0,544.64
1790579011.458,32.08,88.188,1.177,1,419,100.0,544.64
1790579011.708,31.92,88.188,1.177,1,419,100.0,544.64
1790579011.958,32.24,88.188,1.177,1,419,100.0,544.64
1790579012.208,31.80,88.188,1.177,1,419,100.0,544.64
1790579012.458,31.84,88.188,1.177,1,419,100.0,544.64
1790579012.708,32.12,88.188,1.177,1,419,100.0,544.64
1790579012.958,32.24,88.188,1.177,1,419,100.0,544.64
1790579013.208,31.84,88.188,1.177,1,419,100.0,544.64
1790579013.458,31.88,88.188,1.177,1,419,100.0,544.63
1790579013.708,32.08,88.188,1.177,1,419,100.0,544.63
1790579013.958,32.40,88.188,1.177,1,419,100.0,544.63
1790579014.208,31.52,88.188,1.177,1,419,100.0,544.63
1790579014.458,31.96,88.188,1.177,1,419,100.0,544.64
1790579014.708,32.04,88.188,1.177,1,419,100.0,544.64
1790579014.958,31.96,88.188,1.177,1,419,100.0,544.64
1790579015.208,32.12,88.188,1.177,1,419,100.0,544.64
1790579015.458,32.00,88.188,1.177,1,419,100.0,544.64
1790579015.708,32.20,88.188,1.177,1,419,100.0,544.64
1790579015.958,31.68,88.188,1.177,1,419,100.0,544.64
1790579016.208,32.12,88.188,1.177,1,419,100.0,544.64
1790579016.458,31.92,88.188,1.177,1,419,100.0,544.64
1790579016.708,32.04,88.188,1.177,1,419,100.0,544.64
1790579016.958,32.00,88.188,1.177,1,419,100.0,544.64
1790579017.208,31.96,88.188,1.177,1,419,100.0,544.64
1790579017.458,32.00,88.188,1.177,1,419,100.0,544.64
1790579017.708,32.04,88.188,1.177,1,419,100.0,544.64
1790579017.958,31.92,88.188,1.177,1,419,100.0,544.64
1790579018.208,32.00,88.188,1.177,1,419,100.0,544.64
1790579018.458,32.00,88.188,1.177,1,419,100.0,544.64
1790579018.708,32.12,88.188,1.177,1,419,100.0,544.64
1790579018.958,31.88,88.188,1.177,1,419,100.0,544.64
1790579019.208,32.00,88.188,1.177,1,419,100.0,544.64
1790579019.458,32.08,88.188,1.177,1,419,100.0,544.64
1790579019.708,31.92,88.188,1.177,1,419,100.0,544.63
1790579019.958,31.92,88.188,1.177,1,419,100.0,544.63
1790579020.208,32.12,88.188,1.177,1,419,100.0,544.63
1790579020.458,32.04,88.188,1.177,1,419,100.0,544.63
1790579020.708,32.04,88.188,1.177,1,419,100.0,544.63
1790579020.958,32.16,88.188,1.177,1,419,100.0,544.63
1790579021.208,31.00,79.437,1.161,1,33,93.4,544.61
1790579021.458,1.28,68.275,1.161,1,33,3.1,544.62
1790579021.708,1.04,57.437,1.161,1,33,3.1,544.62
1790579021.958,0.96,41.672,1.161,1,33,3.1,544.62
1790579022.208,1.04,23.094,1.161,1,33,3.3,544.62
1790579022.458,0.96,6.445,1.161,1,33,3.3,544.62
1790579022.708,0.00,0.000,0.000,0,0,3.0,543.28
1790579022.958,0.00,0.000,0.000,0,0,0.0,543.28
1790579023.208,0.00,0.000,0.000,0,0,0.0,543.28
1790579023.458,0.00,0.000,0.000,0,0,0.0,543.28
1790579023.708,0.00,0.000,0.000,0,0,0.0,543.28
1790579023.958,0.00,0.000,0.000,0,0,0.0,543.28
1790579024.208,0.00,0.000,0.000,0,0,0.0,543.28
1790579024.458,0.00,0.000,0.000,0,0,0.0,543.28
1790579024.708,0.00,0.000,0.000,0,0,0.0,543.28
1790579024.958,0.00,0.000,0.000,0,0,0.0,543.28
1790579025.208,0.00,0.000,0.000,0,0,0.0,543.28
1790579025.458,0.00,0.000,0.000,0,0,0.0,543.28
1790579025.708,0.00,0.000,0.000,0,0,0.0,543.28
1790579025.958,0.00,0.000,0.000,0,0,0.0,543.28
1790579026.208,0.00,0.000,0.000,0,0,0.0,543.35
